<?xml version="1.0" encoding="Ascii" Author="chanio" Notes="LightTheme"?>
<Ditto_Theme_File Version = "1" Author = "Alberto.Schiano@gmail.com" Notes = "Tema de BOCA para Ditto (colores pastel)">
	<CaptionLeft>RGB(122, 150, 223)</CaptionLeft>
	<CaptionRight>RGB(255, 239, 61)</CaptionRight>
	<CaptionLeftTopMost>RGB(2, 21, 46)</CaptionLeftTopMost>
	<CaptionRightTopMost>RGB(122, 150, 223)</CaptionRightTopMost>
	<CaptionLeftNotConnected>RGB(255, 255, 0)</CaptionLeftNotConnected>
	<CaptionRightNotConnected>RGB(155, 155, 0)</CaptionRightNotConnected>
	<CaptionTextColor>RGB(2, 21, 46)</CaptionTextColor>
	<ListBoxOddRowsBG>RGB(243, 243, 200)</ListBoxOddRowsBG>
	<ListBoxEvenRowsBG>RGB(213, 221, 233)</ListBoxEvenRowsBG>
	<ListBoxOddRowsText>RGB(0, 0, 240)</ListBoxOddRowsText>
	<ListBoxEvenRowsText>RGB(151, 151, 0)</ListBoxEvenRowsText>
	<ListBoxSelectedBG>RGB(0, 0, 255)</ListBoxSelectedBG>
	<ListBoxSelectedNoFocusBG>RGB(236, 233, 216)</ListBoxSelectedNoFocusBG>
	<ListBoxSelectedText>RGB(243, 243, 200)</ListBoxSelectedText>
	<ListBoxSelectedNoFocusText>RGB(43, 63, 82)</ListBoxSelectedNoFocusText>
</Ditto_Theme_File>
