<Ditto_Theme_File Version="1" Author="Nighted" Notes="DarkTheme">
<CaptionLeft>RGB(0,0,0)</CaptionLeft>
<CaptionRight>RGB(68,74,77)</CaptionRight>
<CaptionLeftTopMost>RGB(68,74,77)</CaptionLeftTopMost>
<CaptionRightTopMost>RGB(68,74,77)</CaptionRightTopMost>
<CaptionLeftNotConnected>RGB(255,0,0)</CaptionLeftNotConnected>
<CaptionRightNotConnected>RGB(255,0,0)</CaptionRightNotConnected>
<CaptionTextColor>RGB(140,150,155)</CaptionTextColor>
<ListBoxOddRowsBG>RGB(16,16,16)</ListBoxOddRowsBG>
<ListBoxEvenRowsBG>RGB(0,0,0)</ListBoxEvenRowsBG>
<ListBoxOddRowsText>RGB(0,186,255)</ListBoxOddRowsText>
<ListBoxEvenRowsText>RGB(0,186,255)</ListBoxEvenRowsText>
<ListBoxSelectedBG>RGB(36,36,36)</ListBoxSelectedBG>
<ListBoxSelectedNoFocusBG>RGB(0,0,0)</ListBoxSelectedNoFocusBG>
<ListBoxSelectedText>RGB(255,0,0)</ListBoxSelectedText>
<ListBoxSelectedNoFocusText>RGB(140,150,155)</ListBoxSelectedNoFocusText>
</Ditto_Theme_File>
