<?xml version="1.0" encoding="Ascii"?>
<Ditto_Theme_File Version = "210108" Author = "Onno Giesmann" Notes = " http://www.onnog.kilu.de ">
	<CaptionLeft>RGB(0, 84, 195)</CaptionLeft> 
	<CaptionRight>RGB(61, 149, 255)</CaptionRight> 
	<CaptionLeftTopMost>RGB(10, 36, 106)</CaptionLeftTopMost> Rahmenfarbe beim x 
	<CaptionRightTopMost>RGB(163, 168, 213)</CaptionRightTopMost> Rahmenfarbe bei >> 
	<CaptionLeftNotConnected>RGB(255, 0, 0)</CaptionLeftNotConnected> Rahmenrarbe disconnect L (rot 
	<CaptionRightNotConnected>RGB(255, 0, 0)</CaptionRightNotConnected> Rahmenfarbe disconnect R (rot
	<CaptionTextColor>RGB(255, 255, 255)</CaptionTextColor> ;Textfarbe  Fenstertitel
	<ListBoxOddRowsBG>RGB(176, 196, 222)</ListBoxOddRowsBG> ; Hintergrundfarbe ungerade Zeilen
	<ListBoxEvenRowsBG>RGB(240, 240, 240)</ListBoxEvenRowsBG> Hintergrundfarbe gerade Zeilen
	<ListBoxOddRowsText>RGB(0, 0, 0)</ListBoxOddRowsText> ; Textfarbe ungerade Zeilen
	<ListBoxEvenRowsText>RGB(0, 0, 0)</ListBoxEvenRowsText> , Textfarbe gerade Zeilen
	<ListBoxSelectedBG>RGB(29, 52, 119)</ListBoxSelectedBG> , Hintergrund markierter Bereich
	<ListBoxSelectedNoFocusBG>RGB(200, 212, 219)</ListBoxSelectedNoFocusBG>, Hintergrund nicht aktiver Bereich
	<ListBoxSelectedText>RGB(255, 255, 255)</ListBoxSelectedText> , Textfarbe markierter Bereich
	<ListBoxSelectedNoFocusText>RGB(0, 0, 0)</ListBoxSelectedNoFocusText> Hintergrund nicht markierter Text
</Ditto_Theme_File>

<!--##############################################################
Theme for Ditto Clipboard extension

        INFO:
* created by Onno Giesmann
* Date 01.02.2008
*Name: Blau
####################################################################-->